{
    "parent": "item/generated",
    "textures": {
        "layer0": "item/crossbow_standby"
    },
    "display": {
        "thirdperson_righthand": {
            "rotation": [ -90, 0, -60 ],
            "translation": [ 2, 0.1, -3 ],
            "scale": [ 0.9, 0.9, 0.9 ]
        },
        "thirdperson_lefthand": {
            "rotation": [ -90, 0, 30 ],
            "translation": [ 2, 0.1, -3 ],
            "scale": [ 0.9, 0.9, 0.9 ]
        },
        "firstperson_righthand": {
            "rotation": [ -90, 0, -55 ],
            "translation": [ 1.13, 3.2, 1.13],
            "scale": [ 0.68, 0.68, 0.68 ]
        },
        "firstperson_lefthand": {
            "rotation": [ -90, 0, 35 ],
            "translation": [ 1.13, 3.2, 1.13],
            "scale": [ 0.68, 0.68, 0.68 ]
        }
    },
    "overrides": [
        {
            "predicate": {
                "pulling": 1
            },
            "model": "item/crossbow_pulling_0"
        },
        {
            "predicate": {
                "pulling": 1,
                "pull": 0.58
            },
            "model": "item/crossbow_pulling_1"
        },
        {
            "predicate": {
                "pulling": 1,
                "pull": 1.0
            },
            "model": "item/crossbow_pulling_2"
        },
        {
            "predicate": {
                "charged": 1
            },
            "model": "item/crossbow_arrow"
        },
        {
            "predicate": {
                "charged": 1,
                "firework": 1
            },
            "model": "item/crossbow_firework"
        },
        { "predicate": { "custom_model_data": 1 }, "model": "item/crossbow"},
        { "predicate": { "custom_model_data": 1 , "pulling": 1}, "model": "item/crossbow_pulling_0"},
        { "predicate": { "custom_model_data": 1 , "pulling": 1,"pull": 0.58}, "model": "item/crossbow_pulling_1"},
        { "predicate": { "custom_model_data": 1 , "pulling": 1,"pull": 1.0}, "model": "item/crossbow_pulling_2"},
        { "predicate": { "custom_model_data": 1 , "charged": 1}, "model": "item/crossbow_spectral_arrow"},
        { "predicate": { "custom_model_data": 13912210 }, "model": "meow:item/piston_crossbow/piston_crossbow_0_righthand"},
        { "predicate": { "custom_model_data": 13912210 , "pulling": 1}, "model": "meow:item/piston_crossbow/piston_crossbow_pulling_0"},
        { "predicate": { "custom_model_data": 13912210 , "pulling": 1,"pull": 0.1}, "model": "meow:item/piston_crossbow/piston_crossbow_pulling_1"},
        { "predicate": { "custom_model_data": 13912210 , "pulling": 1,"pull": 0.3}, "model": "meow:item/piston_crossbow/piston_crossbow_pulling_2"},
        { "predicate": { "custom_model_data": 13912210 , "pulling": 1,"pull": 0.6}, "model": "meow:item/piston_crossbow/piston_crossbow_pulling_3"},
        { "predicate": { "custom_model_data": 13912210 , "pulling": 1,"pull": 0.8}, "model": "meow:item/piston_crossbow/piston_crossbow_pulling_4"},
        { "predicate": { "custom_model_data": 13912210 , "pulling": 1,"pull": 1.0}, "model": "meow:item/piston_crossbow/piston_crossbow_pulling_5"},
        { "predicate": { "custom_model_data": 13912210 , "charged": 1}, "model": "meow:item/piston_crossbow/piston_crossbow_arrow_0"},
        { "predicate": { "custom_model_data": 13912211 }, "model": "meow:item/piston_crossbow/piston_crossbow_1_righthand"},
        { "predicate": { "custom_model_data": 13912211 , "pulling": 1}, "model": "meow:item/piston_crossbow/piston_crossbow_pulling_0"},
        { "predicate": { "custom_model_data": 13912211 , "pulling": 1,"pull": 0.1}, "model": "meow:item/piston_crossbow/piston_crossbow_pulling_1"},
        { "predicate": { "custom_model_data": 13912211 , "pulling": 1,"pull": 0.3}, "model": "meow:item/piston_crossbow/piston_crossbow_pulling_2"},
        { "predicate": { "custom_model_data": 13912211 , "pulling": 1,"pull": 0.6}, "model": "meow:item/piston_crossbow/piston_crossbow_pulling_3"},
        { "predicate": { "custom_model_data": 13912211 , "pulling": 1,"pull": 0.8}, "model": "meow:item/piston_crossbow/piston_crossbow_pulling_4"},
        { "predicate": { "custom_model_data": 13912211 , "pulling": 1,"pull": 1.0}, "model": "meow:item/piston_crossbow/piston_crossbow_pulling_5"},
        { "predicate": { "custom_model_data": 13912211 , "charged": 1}, "model": "meow:item/piston_crossbow/piston_crossbow_arrow_1"},
        { "predicate": { "custom_model_data": 13912212 }, "model": "meow:item/piston_crossbow/piston_crossbow_2_righthand"},
        { "predicate": { "custom_model_data": 13912212 , "pulling": 1}, "model": "meow:item/piston_crossbow/piston_crossbow_pulling_0"},
        { "predicate": { "custom_model_data": 13912212 , "pulling": 1,"pull": 0.1}, "model": "meow:item/piston_crossbow/piston_crossbow_pulling_1"},
        { "predicate": { "custom_model_data": 13912212 , "pulling": 1,"pull": 0.3}, "model": "meow:item/piston_crossbow/piston_crossbow_pulling_2"},
        { "predicate": { "custom_model_data": 13912212 , "pulling": 1,"pull": 0.6}, "model": "meow:item/piston_crossbow/piston_crossbow_pulling_3"},
        { "predicate": { "custom_model_data": 13912212 , "pulling": 1,"pull": 0.8}, "model": "meow:item/piston_crossbow/piston_crossbow_pulling_4"},
        { "predicate": { "custom_model_data": 13912212 , "pulling": 1,"pull": 1.0}, "model": "meow:item/piston_crossbow/piston_crossbow_pulling_5"},
        { "predicate": { "custom_model_data": 13912212 , "charged": 1}, "model": "meow:item/piston_crossbow/piston_crossbow_arrow_2"},
        { "predicate": { "custom_model_data": 13912213 }, "model": "meow:item/piston_crossbow/piston_crossbow_3_righthand"},
        { "predicate": { "custom_model_data": 13912213 , "pulling": 1}, "model": "meow:item/piston_crossbow/piston_crossbow_pulling_0"},
        { "predicate": { "custom_model_data": 13912213 , "pulling": 1,"pull": 0.1}, "model": "meow:item/piston_crossbow/piston_crossbow_pulling_1"},
        { "predicate": { "custom_model_data": 13912213 , "pulling": 1,"pull": 0.3}, "model": "meow:item/piston_crossbow/piston_crossbow_pulling_2"},
        { "predicate": { "custom_model_data": 13912213 , "pulling": 1,"pull": 0.6}, "model": "meow:item/piston_crossbow/piston_crossbow_pulling_3"},
        { "predicate": { "custom_model_data": 13912213 , "pulling": 1,"pull": 0.8}, "model": "meow:item/piston_crossbow/piston_crossbow_pulling_4"},
        { "predicate": { "custom_model_data": 13912213 , "pulling": 1,"pull": 1.0}, "model": "meow:item/piston_crossbow/piston_crossbow_pulling_5"},
        { "predicate": { "custom_model_data": 13912213 , "charged": 1}, "model": "meow:item/piston_crossbow/piston_crossbow_arrow_3"},
        { "predicate": { "custom_model_data": 13912214 }, "model": "meow:item/piston_crossbow/piston_crossbow_4_righthand"},
        { "predicate": { "custom_model_data": 13912214 , "pulling": 1}, "model": "meow:item/piston_crossbow/piston_crossbow_pulling_0"},
        { "predicate": { "custom_model_data": 13912214 , "pulling": 1,"pull": 0.1}, "model": "meow:item/piston_crossbow/piston_crossbow_pulling_1"},
        { "predicate": { "custom_model_data": 13912214 , "pulling": 1,"pull": 0.3}, "model": "meow:item/piston_crossbow/piston_crossbow_pulling_2"},
        { "predicate": { "custom_model_data": 13912214 , "pulling": 1,"pull": 0.6}, "model": "meow:item/piston_crossbow/piston_crossbow_pulling_3"},
        { "predicate": { "custom_model_data": 13912214 , "pulling": 1,"pull": 0.8}, "model": "meow:item/piston_crossbow/piston_crossbow_pulling_4"},
        { "predicate": { "custom_model_data": 13912214 , "pulling": 1,"pull": 1.0}, "model": "meow:item/piston_crossbow/piston_crossbow_pulling_5"},
        { "predicate": { "custom_model_data": 13912214 , "charged": 1}, "model": "meow:item/piston_crossbow/piston_crossbow_arrow_4"},
        { "predicate": { "custom_model_data": 13912215 }, "model": "meow:item/piston_crossbow/piston_crossbow_5_righthand"},
        { "predicate": { "custom_model_data": 13912215 , "pulling": 1}, "model": "meow:item/piston_crossbow/piston_crossbow_pulling_0"},
        { "predicate": { "custom_model_data": 13912215 , "pulling": 1,"pull": 0.1}, "model": "meow:item/piston_crossbow/piston_crossbow_pulling_1"},
        { "predicate": { "custom_model_data": 13912215 , "pulling": 1,"pull": 0.3}, "model": "meow:item/piston_crossbow/piston_crossbow_pulling_2"},
        { "predicate": { "custom_model_data": 13912215 , "pulling": 1,"pull": 0.6}, "model": "meow:item/piston_crossbow/piston_crossbow_pulling_3"},
        { "predicate": { "custom_model_data": 13912215 , "pulling": 1,"pull": 0.8}, "model": "meow:item/piston_crossbow/piston_crossbow_pulling_4"},
        { "predicate": { "custom_model_data": 13912215 , "pulling": 1,"pull": 1.0}, "model": "meow:item/piston_crossbow/piston_crossbow_pulling_5"},
        { "predicate": { "custom_model_data": 13912215 , "charged": 1}, "model": "meow:item/piston_crossbow/piston_crossbow_arrow_5"},
        
        { "predicate": { "custom_model_data": 13912216 }, "model": "meow:item/piston_crossbow/piston_crossbow_0_righthand"},
        { "predicate": { "custom_model_data": 13912216 , "pulling": 1}, "model": "meow:item/piston_crossbow/piston_crossbow_pulling_0"},
        { "predicate": { "custom_model_data": 13912216 , "pulling": 1,"pull": 0.1}, "model": "meow:item/piston_crossbow/piston_crossbow_firework_pulling_1"},
        { "predicate": { "custom_model_data": 13912216 , "pulling": 1,"pull": 0.3}, "model": "meow:item/piston_crossbow/piston_crossbow_firework_pulling_2"},
        { "predicate": { "custom_model_data": 13912216 , "pulling": 1,"pull": 0.6}, "model": "meow:item/piston_crossbow/piston_crossbow_firework_pulling_3"},
        { "predicate": { "custom_model_data": 13912216 , "pulling": 1,"pull": 0.8}, "model": "meow:item/piston_crossbow/piston_crossbow_firework_pulling_4"},
        { "predicate": { "custom_model_data": 13912216 , "pulling": 1,"pull": 1.0}, "model": "meow:item/piston_crossbow/piston_crossbow_firework_pulling_5"},
        { "predicate": { "custom_model_data": 13912216 , "charged": 1}, "model": "meow:item/piston_crossbow/piston_crossbow_firework_0"},
        { "predicate": { "custom_model_data": 13912217 }, "model": "meow:item/piston_crossbow/piston_crossbow_1_righthand"},
        { "predicate": { "custom_model_data": 13912217 , "pulling": 1}, "model": "meow:item/piston_crossbow/piston_crossbow_pulling_0"},
        { "predicate": { "custom_model_data": 13912217 , "pulling": 1,"pull": 0.1}, "model": "meow:item/piston_crossbow/piston_crossbow_firework_pulling_1"},
        { "predicate": { "custom_model_data": 13912217 , "pulling": 1,"pull": 0.3}, "model": "meow:item/piston_crossbow/piston_crossbow_firework_pulling_2"},
        { "predicate": { "custom_model_data": 13912217 , "pulling": 1,"pull": 0.6}, "model": "meow:item/piston_crossbow/piston_crossbow_firework_pulling_3"},
        { "predicate": { "custom_model_data": 13912217 , "pulling": 1,"pull": 0.8}, "model": "meow:item/piston_crossbow/piston_crossbow_firework_pulling_4"},
        { "predicate": { "custom_model_data": 13912217 , "pulling": 1,"pull": 1.0}, "model": "meow:item/piston_crossbow/piston_crossbow_firework_pulling_5"},
        { "predicate": { "custom_model_data": 13912217 , "charged": 1}, "model": "meow:item/piston_crossbow/piston_crossbow_firework_1"},
        { "predicate": { "custom_model_data": 13912218 }, "model": "meow:item/piston_crossbow/piston_crossbow_2_righthand"},
        { "predicate": { "custom_model_data": 13912218 , "pulling": 1}, "model": "meow:item/piston_crossbow/piston_crossbow_pulling_0"},
        { "predicate": { "custom_model_data": 13912218 , "pulling": 1,"pull": 0.1}, "model": "meow:item/piston_crossbow/piston_crossbow_firework_pulling_1"},
        { "predicate": { "custom_model_data": 13912218 , "pulling": 1,"pull": 0.3}, "model": "meow:item/piston_crossbow/piston_crossbow_firework_pulling_2"},
        { "predicate": { "custom_model_data": 13912218 , "pulling": 1,"pull": 0.6}, "model": "meow:item/piston_crossbow/piston_crossbow_firework_pulling_3"},
        { "predicate": { "custom_model_data": 13912218 , "pulling": 1,"pull": 0.8}, "model": "meow:item/piston_crossbow/piston_crossbow_firework_pulling_4"},
        { "predicate": { "custom_model_data": 13912218 , "pulling": 1,"pull": 1.0}, "model": "meow:item/piston_crossbow/piston_crossbow_firework_pulling_5"},
        { "predicate": { "custom_model_data": 13912218 , "charged": 1}, "model": "meow:item/piston_crossbow/piston_crossbow_firework_2"},
        { "predicate": { "custom_model_data": 13912219 }, "model": "meow:item/piston_crossbow/piston_crossbow_3_righthand"},
        { "predicate": { "custom_model_data": 13912219 , "pulling": 1}, "model": "meow:item/piston_crossbow/piston_crossbow_pulling_0"},
        { "predicate": { "custom_model_data": 13912219 , "pulling": 1,"pull": 0.1}, "model": "meow:item/piston_crossbow/piston_crossbow_firework_pulling_1"},
        { "predicate": { "custom_model_data": 13912219 , "pulling": 1,"pull": 0.3}, "model": "meow:item/piston_crossbow/piston_crossbow_firework_pulling_2"},
        { "predicate": { "custom_model_data": 13912219 , "pulling": 1,"pull": 0.6}, "model": "meow:item/piston_crossbow/piston_crossbow_firework_pulling_3"},
        { "predicate": { "custom_model_data": 13912219 , "pulling": 1,"pull": 0.8}, "model": "meow:item/piston_crossbow/piston_crossbow_firework_pulling_4"},
        { "predicate": { "custom_model_data": 13912219 , "pulling": 1,"pull": 1.0}, "model": "meow:item/piston_crossbow/piston_crossbow_firework_pulling_5"},
        { "predicate": { "custom_model_data": 13912219 , "charged": 1}, "model": "meow:item/piston_crossbow/piston_crossbow_firework_3"},
        { "predicate": { "custom_model_data": 13912220 }, "model": "meow:item/piston_crossbow/piston_crossbow_4_righthand"},
        { "predicate": { "custom_model_data": 13912220 , "pulling": 1}, "model": "meow:item/piston_crossbow/piston_crossbow_pulling_0"},
        { "predicate": { "custom_model_data": 13912220 , "pulling": 1,"pull": 0.1}, "model": "meow:item/piston_crossbow/piston_crossbow_firework_pulling_1"},
        { "predicate": { "custom_model_data": 13912220 , "pulling": 1,"pull": 0.3}, "model": "meow:item/piston_crossbow/piston_crossbow_firework_pulling_2"},
        { "predicate": { "custom_model_data": 13912220 , "pulling": 1,"pull": 0.6}, "model": "meow:item/piston_crossbow/piston_crossbow_firework_pulling_3"},
        { "predicate": { "custom_model_data": 13912220 , "pulling": 1,"pull": 0.8}, "model": "meow:item/piston_crossbow/piston_crossbow_firework_pulling_4"},
        { "predicate": { "custom_model_data": 13912220 , "pulling": 1,"pull": 1.0}, "model": "meow:item/piston_crossbow/piston_crossbow_firework_pulling_5"},
        { "predicate": { "custom_model_data": 13912220 , "charged": 1}, "model": "meow:item/piston_crossbow/piston_crossbow_firework_4"},
        { "predicate": { "custom_model_data": 13912221 }, "model": "meow:item/piston_crossbow/piston_crossbow_5_righthand"},
        { "predicate": { "custom_model_data": 13912221 , "pulling": 1}, "model": "meow:item/piston_crossbow/piston_crossbow_pulling_0"},
        { "predicate": { "custom_model_data": 13912221 , "pulling": 1,"pull": 0.1}, "model": "meow:item/piston_crossbow/piston_crossbow_firework_pulling_1"},
        { "predicate": { "custom_model_data": 13912221 , "pulling": 1,"pull": 0.3}, "model": "meow:item/piston_crossbow/piston_crossbow_firework_pulling_2"},
        { "predicate": { "custom_model_data": 13912221 , "pulling": 1,"pull": 0.6}, "model": "meow:item/piston_crossbow/piston_crossbow_firework_pulling_3"},
        { "predicate": { "custom_model_data": 13912221 , "pulling": 1,"pull": 0.8}, "model": "meow:item/piston_crossbow/piston_crossbow_firework_pulling_4"},
        { "predicate": { "custom_model_data": 13912221 , "pulling": 1,"pull": 1.0}, "model": "meow:item/piston_crossbow/piston_crossbow_firework_pulling_5"},
        { "predicate": { "custom_model_data": 13912221 , "charged": 1}, "model": "meow:item/piston_crossbow/piston_crossbow_firework_5"},


        { "predicate": { "custom_model_data": 13912222 }, "model": "meow:item/piston_crossbow/piston_crossbow_0_righthand"},
        { "predicate": { "custom_model_data": 13912222 , "pulling": 1 }, "model": "meow:item/piston_crossbow/piston_crossbow_pulling_0"},
        { "predicate": { "custom_model_data": 13912222 , "charged": 1}, "model": "meow:item/piston_crossbow/piston_crossbow_phantom_arrow_0"},
        { "predicate": { "custom_model_data": 13912223 }, "model": "meow:item/piston_crossbow/piston_crossbow_0_righthand"},
        { "predicate": { "custom_model_data": 13912223 , "pulling": 1 }, "model": "meow:item/piston_crossbow/piston_crossbow_pulling_0"},
        { "predicate": { "custom_model_data": 13912223 , "charged": 1}, "model": "meow:item/piston_crossbow/piston_crossbow_phantom_arrow_1"},
        { "predicate": { "custom_model_data": 13912224 }, "model": "meow:item/piston_crossbow/piston_crossbow_0_righthand"},
        { "predicate": { "custom_model_data": 13912224 , "pulling": 1 }, "model": "meow:item/piston_crossbow/piston_crossbow_pulling_0"},
        { "predicate": { "custom_model_data": 13912224 , "charged": 1}, "model": "meow:item/piston_crossbow/piston_crossbow_phantom_arrow_2"},
        { "predicate": { "custom_model_data": 13912225 }, "model": "meow:item/piston_crossbow/piston_crossbow_0_righthand"},
        { "predicate": { "custom_model_data": 13912225 , "pulling": 1 }, "model": "meow:item/piston_crossbow/piston_crossbow_pulling_0"},
        { "predicate": { "custom_model_data": 13912225 , "charged": 1}, "model": "meow:item/piston_crossbow/piston_crossbow_phantom_arrow_3"},
        { "predicate": { "custom_model_data": 13912226 }, "model": "meow:item/piston_crossbow/piston_crossbow_0_righthand"},
        { "predicate": { "custom_model_data": 13912226 , "pulling": 1 }, "model": "meow:item/piston_crossbow/piston_crossbow_pulling_0"},
        { "predicate": { "custom_model_data": 13912226 , "charged": 1}, "model": "meow:item/piston_crossbow/piston_crossbow_phantom_arrow_4"},
        { "predicate": { "custom_model_data": 13912227 }, "model": "meow:item/piston_crossbow/piston_crossbow_0_righthand"},
        { "predicate": { "custom_model_data": 13912227 , "pulling": 1 }, "model": "meow:item/piston_crossbow/piston_crossbow_pulling_0"},
        { "predicate": { "custom_model_data": 13912227 , "charged": 1}, "model": "meow:item/piston_crossbow/piston_crossbow_phantom_arrow_5"},


        { "predicate": { "custom_model_data": 13912228 }, "model": "meow:item/piston_crossbow/piston_crossbow_0_righthand"},
        { "predicate": { "custom_model_data": 13912228 , "pulling": 1}, "model": "meow:item/piston_crossbow/piston_crossbow_pulling_0"},
        { "predicate": { "custom_model_data": 13912228 , "pulling": 1,"pull": 0.1}, "model": "meow:item/piston_crossbow/piston_crossbow_spectral_arrow_pulling_1"},
        { "predicate": { "custom_model_data": 13912228 , "pulling": 1,"pull": 0.3}, "model": "meow:item/piston_crossbow/piston_crossbow_spectral_arrow_pulling_2"},
        { "predicate": { "custom_model_data": 13912228 , "pulling": 1,"pull": 0.6}, "model": "meow:item/piston_crossbow/piston_crossbow_spectral_arrow_pulling_3"},
        { "predicate": { "custom_model_data": 13912228 , "pulling": 1,"pull": 0.8}, "model": "meow:item/piston_crossbow/piston_crossbow_spectral_arrow_pulling_4"},
        { "predicate": { "custom_model_data": 13912228 , "pulling": 1,"pull": 1.0}, "model": "meow:item/piston_crossbow/piston_crossbow_spectral_arrow_pulling_5"},
        { "predicate": { "custom_model_data": 13912228 , "charged": 1}, "model": "meow:item/piston_crossbow/piston_crossbow_spectral_arrow_0"},
        { "predicate": { "custom_model_data": 13912229 }, "model": "meow:item/piston_crossbow/piston_crossbow_1_righthand"},
        { "predicate": { "custom_model_data": 13912229 , "pulling": 1}, "model": "meow:item/piston_crossbow/piston_crossbow_pulling_0"},
        { "predicate": { "custom_model_data": 13912229 , "pulling": 1,"pull": 0.1}, "model": "meow:item/piston_crossbow/piston_crossbow_spectral_arrow_pulling_1"},
        { "predicate": { "custom_model_data": 13912229 , "pulling": 1,"pull": 0.3}, "model": "meow:item/piston_crossbow/piston_crossbow_spectral_arrow_pulling_2"},
        { "predicate": { "custom_model_data": 13912229 , "pulling": 1,"pull": 0.6}, "model": "meow:item/piston_crossbow/piston_crossbow_spectral_arrow_pulling_3"},
        { "predicate": { "custom_model_data": 13912229 , "pulling": 1,"pull": 0.8}, "model": "meow:item/piston_crossbow/piston_crossbow_spectral_arrow_pulling_4"},
        { "predicate": { "custom_model_data": 13912229 , "pulling": 1,"pull": 1.0}, "model": "meow:item/piston_crossbow/piston_crossbow_spectral_arrow_pulling_5"},
        { "predicate": { "custom_model_data": 13912229 , "charged": 1}, "model": "meow:item/piston_crossbow/piston_crossbow_spectral_arrow_1"},
        { "predicate": { "custom_model_data": 13912230 }, "model": "meow:item/piston_crossbow/piston_crossbow_2_righthand"},
        { "predicate": { "custom_model_data": 13912230 , "pulling": 1}, "model": "meow:item/piston_crossbow/piston_crossbow_pulling_0"},
        { "predicate": { "custom_model_data": 13912230 , "pulling": 1,"pull": 0.1}, "model": "meow:item/piston_crossbow/piston_crossbow_spectral_arrow_pulling_1"},
        { "predicate": { "custom_model_data": 13912230 , "pulling": 1,"pull": 0.3}, "model": "meow:item/piston_crossbow/piston_crossbow_spectral_arrow_pulling_2"},
        { "predicate": { "custom_model_data": 13912230 , "pulling": 1,"pull": 0.6}, "model": "meow:item/piston_crossbow/piston_crossbow_spectral_arrow_pulling_3"},
        { "predicate": { "custom_model_data": 13912230 , "pulling": 1,"pull": 0.8}, "model": "meow:item/piston_crossbow/piston_crossbow_spectral_arrow_pulling_4"},
        { "predicate": { "custom_model_data": 13912230 , "pulling": 1,"pull": 1.0}, "model": "meow:item/piston_crossbow/piston_crossbow_spectral_arrow_pulling_5"},
        { "predicate": { "custom_model_data": 13912230 , "charged": 1}, "model": "meow:item/piston_crossbow/piston_crossbow_spectral_arrow_2"},
        { "predicate": { "custom_model_data": 13912231 }, "model": "meow:item/piston_crossbow/piston_crossbow_3_righthand"},
        { "predicate": { "custom_model_data": 13912231 , "pulling": 1}, "model": "meow:item/piston_crossbow/piston_crossbow_pulling_0"},
        { "predicate": { "custom_model_data": 13912231 , "pulling": 1,"pull": 0.1}, "model": "meow:item/piston_crossbow/piston_crossbow_spectral_arrow_pulling_1"},
        { "predicate": { "custom_model_data": 13912231 , "pulling": 1,"pull": 0.3}, "model": "meow:item/piston_crossbow/piston_crossbow_spectral_arrow_pulling_2"},
        { "predicate": { "custom_model_data": 13912231 , "pulling": 1,"pull": 0.6}, "model": "meow:item/piston_crossbow/piston_crossbow_spectral_arrow_pulling_3"},
        { "predicate": { "custom_model_data": 13912231 , "pulling": 1,"pull": 0.8}, "model": "meow:item/piston_crossbow/piston_crossbow_spectral_arrow_pulling_4"},
        { "predicate": { "custom_model_data": 13912231 , "pulling": 1,"pull": 1.0}, "model": "meow:item/piston_crossbow/piston_crossbow_spectral_arrow_pulling_5"},
        { "predicate": { "custom_model_data": 13912231 , "charged": 1}, "model": "meow:item/piston_crossbow/piston_crossbow_spectral_arrow_3"},
        { "predicate": { "custom_model_data": 13912232 }, "model": "meow:item/piston_crossbow/piston_crossbow_4_righthand"},
        { "predicate": { "custom_model_data": 13912232 , "pulling": 1}, "model": "meow:item/piston_crossbow/piston_crossbow_pulling_0"},
        { "predicate": { "custom_model_data": 13912232 , "pulling": 1,"pull": 0.1}, "model": "meow:item/piston_crossbow/piston_crossbow_spectral_arrow_pulling_1"},
        { "predicate": { "custom_model_data": 13912232 , "pulling": 1,"pull": 0.3}, "model": "meow:item/piston_crossbow/piston_crossbow_spectral_arrow_pulling_2"},
        { "predicate": { "custom_model_data": 13912232 , "pulling": 1,"pull": 0.6}, "model": "meow:item/piston_crossbow/piston_crossbow_spectral_arrow_pulling_3"},
        { "predicate": { "custom_model_data": 13912232 , "pulling": 1,"pull": 0.8}, "model": "meow:item/piston_crossbow/piston_crossbow_spectral_arrow_pulling_4"},
        { "predicate": { "custom_model_data": 13912232 , "pulling": 1,"pull": 1.0}, "model": "meow:item/piston_crossbow/piston_crossbow_spectral_arrow_pulling_5"},
        { "predicate": { "custom_model_data": 13912232 , "charged": 1}, "model": "meow:item/piston_crossbow/piston_crossbow_spectral_arrow_4"},
        { "predicate": { "custom_model_data": 13912233 }, "model": "meow:item/piston_crossbow/piston_crossbow_5_righthand"},
        { "predicate": { "custom_model_data": 13912233 , "pulling": 1}, "model": "meow:item/piston_crossbow/piston_crossbow_pulling_0"},
        { "predicate": { "custom_model_data": 13912233 , "pulling": 1,"pull": 0.1}, "model": "meow:item/piston_crossbow/piston_crossbow_spectral_arrow_pulling_1"},
        { "predicate": { "custom_model_data": 13912233 , "pulling": 1,"pull": 0.3}, "model": "meow:item/piston_crossbow/piston_crossbow_spectral_arrow_pulling_2"},
        { "predicate": { "custom_model_data": 13912233 , "pulling": 1,"pull": 0.6}, "model": "meow:item/piston_crossbow/piston_crossbow_spectral_arrow_pulling_3"},
        { "predicate": { "custom_model_data": 13912233 , "pulling": 1,"pull": 0.8}, "model": "meow:item/piston_crossbow/piston_crossbow_spectral_arrow_pulling_4"},
        { "predicate": { "custom_model_data": 13912233 , "pulling": 1,"pull": 1.0}, "model": "meow:item/piston_crossbow/piston_crossbow_spectral_arrow_pulling_5"},
        { "predicate": { "custom_model_data": 13912233 , "charged": 1}, "model": "meow:item/piston_crossbow/piston_crossbow_spectral_arrow_5"}
    ]
}
